fid,rand_point_id,DN,POP_1,ROAD_1,POPS_1,POPVAL_1,SUIT_SCORE,SUIT_CLASS,TARGET,ML_PREDICTION,ML_PROBABILITY,ML_CLASS
12,0.0,1.0,1.0,5.0,5.0,106.088180541992,5.0,High,1.0,1.0,1.0,High
16,1.0,1.0,1.0,5.0,4.0,102.82364654541,4.5,High,1.0,1.0,1.0,High
26,2.0,1.0,1.0,5.0,5.0,112.290740966797,5.0,High,1.0,1.0,1.0,High
28,3.0,1.0,1.0,5.0,5.0,117.390853881836,5.0,High,1.0,1.0,1.0,High
33,4.0,1.0,1.0,5.0,5.0,107.188621520996,5.0,High,1.0,1.0,1.0,High
38,5.0,1.0,1.0,5.0,5.0,109.099899291992,5.0,High,1.0,1.0,1.0,High
39,6.0,1.0,1.0,5.0,5.0,107.679069519043,5.0,High,1.0,1.0,1.0,High
40,7.0,1.0,1.0,5.0,4.0,102.756942749023,4.5,High,1.0,1.0,1.0,High
52,8.0,1.0,1.0,5.0,5.0,113.736114501953,5.0,High,1.0,1.0,1.0,High
57,9.0,1.0,1.0,5.0,5.0,112.315208435059,5.0,High,1.0,1.0,1.0,High
58,10.0,1.0,1.0,5.0,5.0,119.764297485352,5.0,High,1.0,1.0,1.0,High
59,11.0,1.0,1.0,5.0,5.0,116.951812744141,5.0,High,1.0,1.0,1.0,High
60,12.0,1.0,1.0,5.0,5.0,117.02571105957,5.0,High,1.0,1.0,1.0,High
62,13.0,1.0,1.0,5.0,5.0,118.452255249023,5.0,High,1.0,1.0,1.0,High
64,14.0,1.0,1.0,5.0,5.0,115.548805236816,5.0,High,1.0,1.0,1.0,High
65,15.0,1.0,1.0,5.0,5.0,90.8541488647461,5.0,High,1.0,1.0,1.0,High
66,16.0,1.0,1.0,5.0,5.0,110.500991821289,5.0,High,1.0,1.0,1.0,High
71,17.0,1.0,1.0,5.0,5.0,115.929206848145,5.0,High,1.0,1.0,1.0,High
72,18.0,1.0,1.0,5.0,5.0,116.992797851562,5.0,High,1.0,1.0,1.0,High
73,19.0,1.0,1.0,5.0,4.0,109.412704467773,4.5,High,1.0,1.0,1.0,High
77,20.0,1.0,1.0,5.0,5.0,117.929954528809,5.0,High,1.0,1.0,1.0,High
78,21.0,1.0,1.0,5.0,5.0,105.915023803711,5.0,High,1.0,1.0,1.0,High
79,22.0,1.0,1.0,5.0,5.0,122.711486816406,5.0,High,1.0,1.0,1.0,High
81,23.0,1.0,1.0,5.0,5.0,123.542633056641,5.0,High,1.0,1.0,1.0,High
82,24.0,1.0,1.0,5.0,5.0,119.310653686523,5.0,High,1.0,1.0,1.0,High
83,25.0,1.0,1.0,5.0,5.0,125.612327575684,5.0,High,1.0,1.0,1.0,High
84,26.0,1.0,1.0,5.0,5.0,119.377220153809,5.0,High,1.0,1.0,1.0,High
85,27.0,1.0,1.0,5.0,4.0,79.4913940429688,4.5,High,1.0,1.0,1.0,High
86,28.0,1.0,1.0,5.0,5.0,124.880218505859,5.0,High,1.0,1.0,1.0,High
90,29.0,1.0,1.0,5.0,5.0,128.410659790039,5.0,High,1.0,1.0,1.0,High
92,30.0,1.0,1.0,5.0,5.0,128.829437255859,5.0,High,1.0,1.0,1.0,High
93,31.0,1.0,1.0,5.0,5.0,123.450538635254,5.0,High,1.0,1.0,1.0,High
94,32.0,1.0,1.0,5.0,5.0,112.839324951172,5.0,High,1.0,1.0,1.0,High
96,33.0,1.0,1.0,5.0,5.0,111.275085449219,5.0,High,1.0,1.0,1.0,High
101,34.0,1.0,1.0,5.0,5.0,127.826454162598,5.0,High,1.0,1.0,1.0,High
103,35.0,1.0,1.0,5.0,5.0,121.247215270996,5.0,High,1.0,1.0,1.0,High
104,36.0,1.0,1.0,5.0,5.0,129.127227783203,5.0,High,1.0,1.0,1.0,High
105,37.0,1.0,1.0,5.0,5.0,121.937339782715,5.0,High,1.0,1.0,1.0,High
106,38.0,1.0,1.0,5.0,5.0,121.638862609863,5.0,High,1.0,1.0,1.0,High
107,39.0,1.0,1.0,5.0,5.0,109.72338104248,5.0,High,1.0,1.0,1.0,High
108,40.0,1.0,1.0,5.0,5.0,108.941772460938,5.0,High,1.0,1.0,1.0,High
109,41.0,1.0,1.0,5.0,5.0,102.538887023926,5.0,High,1.0,1.0,1.0,High
110,42.0,1.0,1.0,5.0,5.0,108.73607635498,5.0,High,1.0,1.0,1.0,High
111,43.0,1.0,1.0,5.0,5.0,124.60538482666,5.0,High,1.0,1.0,1.0,High
113,44.0,1.0,1.0,5.0,5.0,123.484321594238,5.0,High,1.0,1.0,1.0,High
116,45.0,1.0,1.0,5.0,5.0,110.118827819824,5.0,High,1.0,1.0,1.0,High
118,46.0,1.0,1.0,5.0,5.0,114.760444641113,5.0,High,1.0,1.0,1.0,High
119,47.0,1.0,1.0,5.0,5.0,118.771118164062,5.0,High,1.0,1.0,1.0,High
121,48.0,1.0,1.0,5.0,5.0,113.381141662598,5.0,High,1.0,1.0,1.0,High
122,49.0,1.0,1.0,5.0,5.0,107.197875976562,5.0,High,1.0,1.0,1.0,High
123,50.0,1.0,1.0,5.0,5.0,120.92618560791,5.0,High,1.0,1.0,1.0,High
124,51.0,1.0,1.0,5.0,5.0,107.532447814941,5.0,High,1.0,1.0,1.0,High
125,52.0,1.0,1.0,5.0,5.0,107.525268554688,5.0,High,1.0,1.0,1.0,High
127,53.0,1.0,1.0,5.0,5.0,109.953582763672,5.0,High,1.0,1.0,1.0,High
129,54.0,1.0,1.0,5.0,5.0,112.275444030762,5.0,High,1.0,1.0,1.0,High
130,55.0,1.0,1.0,5.0,5.0,106.748626708984,5.0,High,1.0,1.0,1.0,High
131,56.0,1.0,1.0,5.0,5.0,120.972915649414,5.0,High,1.0,1.0,1.0,High
132,57.0,1.0,1.0,5.0,4.0,118.963272094727,4.5,High,1.0,1.0,1.0,High
133,58.0,1.0,1.0,5.0,5.0,108.759384155273,5.0,High,1.0,1.0,1.0,High
140,59.0,1.0,1.0,5.0,5.0,106.40648651123,5.0,High,1.0,1.0,1.0,High
141,60.0,1.0,1.0,5.0,5.0,115.40266418457,5.0,High,1.0,1.0,1.0,High
142,61.0,1.0,1.0,5.0,5.0,117.2578125,5.0,High,1.0,1.0,1.0,High
144,62.0,1.0,1.0,5.0,5.0,101.839477539062,5.0,High,1.0,1.0,1.0,High
145,63.0,1.0,1.0,5.0,5.0,118.059051513672,5.0,High,1.0,1.0,1.0,High
149,64.0,1.0,1.0,5.0,5.0,118.163482666016,5.0,High,1.0,1.0,1.0,High
153,65.0,1.0,1.0,5.0,5.0,119.969024658203,5.0,High,1.0,1.0,1.0,High
155,66.0,1.0,1.0,5.0,5.0,113.785934448242,5.0,High,1.0,1.0,1.0,High
156,67.0,1.0,1.0,5.0,5.0,110.363929748535,5.0,High,1.0,1.0,1.0,High
159,68.0,1.0,1.0,5.0,5.0,124.133445739746,5.0,High,1.0,1.0,1.0,High
161,69.0,1.0,1.0,5.0,5.0,122.608070373535,5.0,High,1.0,1.0,1.0,High
162,70.0,1.0,1.0,5.0,5.0,117.07689666748,5.0,High,1.0,1.0,1.0,High
163,71.0,1.0,1.0,5.0,4.0,99.602783203125,4.5,High,1.0,1.0,1.0,High
165,72.0,1.0,1.0,5.0,5.0,103.849586486816,5.0,High,1.0,1.0,1.0,High
166,73.0,1.0,1.0,5.0,5.0,107.819869995117,5.0,High,1.0,1.0,1.0,High
168,74.0,1.0,1.0,5.0,5.0,118.463966369629,5.0,High,1.0,1.0,1.0,High
174,75.0,1.0,1.0,5.0,5.0,112.012161254883,5.0,High,1.0,1.0,1.0,High
176,76.0,1.0,1.0,5.0,5.0,107.775054931641,5.0,High,1.0,1.0,1.0,High
184,77.0,1.0,1.0,5.0,5.0,79.9103240966797,5.0,High,1.0,1.0,1.0,High
187,78.0,1.0,1.0,5.0,4.0,94.0025100708008,4.5,High,1.0,1.0,1.0,High
188,79.0,1.0,1.0,5.0,3.0,56.9732856750488,4.0,High,1.0,1.0,1.0,High
191,80.0,1.0,1.0,5.0,3.0,79.6025543212891,4.0,High,1.0,1.0,1.0,High
192,81.0,1.0,1.0,5.0,4.0,93.173957824707,4.5,High,1.0,1.0,1.0,High
196,85.0,1.0,1.0,5.0,3.0,67.3826065063477,4.0,High,1.0,1.0,1.0,High
195,84.0,1.0,1.0,5.0,3.0,82.5702133178711,4.0,High,1.0,1.0,1.0,High
198,87.0,1.0,1.0,5.0,4.0,100.109046936035,4.5,High,1.0,1.0,1.0,High
197,86.0,1.0,1.0,5.0,5.0,106.676635742188,5.0,High,1.0,1.0,1.0,High
204,93.0,1.0,1.0,5.0,4.0,93.8186111450195,4.5,High,1.0,1.0,1.0,High
201,90.0,1.0,1.0,5.0,5.0,107.336975097656,5.0,High,1.0,1.0,1.0,High
199,88.0,1.0,1.0,5.0,4.0,84.9581909179688,4.5,High,1.0,1.0,1.0,High
209,98.0,1.0,1.0,5.0,4.0,89.8220748901367,4.5,High,1.0,1.0,1.0,High
208,97.0,1.0,1.0,5.0,4.0,100.630569458008,4.5,High,1.0,1.0,1.0,High
207,96.0,1.0,1.0,5.0,4.0,87.5774993896484,4.5,High,1.0,1.0,1.0,High
206,95.0,1.0,1.0,5.0,4.0,103.342628479004,4.5,High,1.0,1.0,1.0,High
205,94.0,1.0,1.0,5.0,4.0,96.2413711547852,4.5,High,1.0,1.0,1.0,High
230,118.0,1.0,1.0,5.0,4.0,103.717971801758,4.5,High,1.0,1.0,1.0,High
231,119.0,1.0,1.0,5.0,4.0,88.1681747436523,4.5,High,1.0,1.0,1.0,High
224,112.0,1.0,1.0,5.0,5.0,106.389785766602,5.0,High,1.0,1.0,1.0,High
225,113.0,1.0,1.0,5.0,5.0,107.756988525391,5.0,High,1.0,1.0,1.0,High
226,114.0,1.0,1.0,5.0,4.0,88.7524871826172,4.5,High,1.0,1.0,1.0,High
211,100.0,1.0,1.0,5.0,5.0,108.324668884277,5.0,High,1.0,1.0,1.0,High
212,101.0,1.0,1.0,5.0,5.0,110.219818115234,5.0,High,1.0,1.0,1.0,High
213,102.0,1.0,1.0,5.0,5.0,116.625366210938,5.0,High,1.0,1.0,1.0,High
218,107.0,1.0,1.0,5.0,5.0,106.829231262207,5.0,High,1.0,1.0,1.0,High
214,103.0,1.0,1.0,5.0,3.0,65.9041442871094,4.0,High,1.0,1.0,1.0,High
215,104.0,1.0,1.0,5.0,4.0,97.8046112060547,4.5,High,1.0,1.0,1.0,High
216,105.0,1.0,1.0,5.0,4.0,96.9555282592773,4.5,High,1.0,1.0,1.0,High
220,109.0,1.0,1.0,5.0,4.0,92.4483337402344,4.5,High,1.0,1.0,1.0,High
219,108.0,1.0,1.0,5.0,4.0,90.070182800293,4.5,High,1.0,1.0,1.0,High
223,111.0,1.0,1.0,5.0,5.0,109.099899291992,5.0,High,1.0,1.0,1.0,High
222,110.0,1.0,1.0,5.0,4.0,99.2727127075195,4.5,High,1.0,1.0,1.0,High
234,122.0,1.0,1.0,5.0,4.0,103.199760437012,4.5,High,1.0,1.0,1.0,High
235,123.0,1.0,1.0,5.0,4.0,97.7761688232422,4.5,High,1.0,1.0,1.0,High
232,120.0,1.0,1.0,5.0,4.0,93.1523284912109,4.5,High,1.0,1.0,1.0,High
233,121.0,1.0,1.0,5.0,3.0,85.8377914428711,4.0,High,1.0,1.0,1.0,High
236,124.0,1.0,1.0,5.0,4.0,82.7745666503906,4.5,High,1.0,1.0,1.0,High
227,115.0,1.0,1.0,5.0,4.0,97.1099243164062,4.5,High,1.0,1.0,1.0,High
228,116.0,1.0,1.0,5.0,4.0,98.7385330200195,4.5,High,1.0,1.0,1.0,High
229,117.0,1.0,1.0,5.0,4.0,102.76171875,4.5,High,1.0,1.0,1.0,High
237,125.0,1.0,1.0,5.0,4.0,102.135360717773,4.5,High,1.0,1.0,1.0,High
245,132.0,1.0,1.0,5.0,5.0,115.899055480957,5.0,High,1.0,1.0,1.0,High
244,131.0,1.0,1.0,5.0,5.0,108.021621704102,5.0,High,1.0,1.0,1.0,High
243,130.0,1.0,1.0,5.0,5.0,119.764297485352,5.0,High,1.0,1.0,1.0,High
242,129.0,1.0,1.0,5.0,5.0,112.315208435059,5.0,High,1.0,1.0,1.0,High
241,128.0,1.0,1.0,5.0,4.0,84.4736099243164,4.5,High,1.0,1.0,1.0,High
240,127.0,1.0,1.0,5.0,4.0,97.5842666625977,4.5,High,1.0,1.0,1.0,High
238,126.0,1.0,1.0,5.0,4.0,91.7956161499023,4.5,High,1.0,1.0,1.0,High
367,250.0,1.0,1.0,5.0,3.0,57.639778137207,4.0,High,1.0,1.0,1.0,High
305,191.0,1.0,1.0,5.0,5.0,113.381141662598,5.0,High,1.0,1.0,1.0,High
306,192.0,1.0,1.0,5.0,5.0,109.564826965332,5.0,High,1.0,1.0,1.0,High
307,193.0,1.0,1.0,5.0,5.0,120.507926940918,5.0,High,1.0,1.0,1.0,High
308,194.0,1.0,1.0,5.0,5.0,107.532447814941,5.0,High,1.0,1.0,1.0,High
309,195.0,1.0,1.0,5.0,5.0,107.525268554688,5.0,High,1.0,1.0,1.0,High
310,196.0,1.0,1.0,5.0,4.0,103.907958984375,4.5,High,1.0,1.0,1.0,High
246,133.0,1.0,1.0,5.0,5.0,106.285415649414,5.0,High,1.0,1.0,1.0,High
247,134.0,1.0,1.0,5.0,5.0,118.452255249023,5.0,High,1.0,1.0,1.0,High
248,135.0,1.0,1.0,5.0,4.0,103.884826660156,4.5,High,1.0,1.0,1.0,High
249,136.0,1.0,1.0,5.0,5.0,110.898399353027,5.0,High,1.0,1.0,1.0,High
250,137.0,1.0,1.0,5.0,5.0,106.763969421387,5.0,High,1.0,1.0,1.0,High
251,138.0,1.0,1.0,5.0,5.0,110.500991821289,5.0,High,1.0,1.0,1.0,High
252,139.0,1.0,1.0,5.0,4.0,102.04615020752,4.5,High,1.0,1.0,1.0,High
253,140.0,1.0,1.0,5.0,4.0,103.501388549805,4.5,High,1.0,1.0,1.0,High
254,141.0,1.0,1.0,5.0,5.0,117.047950744629,5.0,High,1.0,1.0,1.0,High
255,142.0,1.0,1.0,5.0,3.0,81.5037460327148,4.0,High,1.0,1.0,1.0,High
256,143.0,1.0,1.0,5.0,5.0,115.929206848145,5.0,High,1.0,1.0,1.0,High
257,144.0,1.0,1.0,5.0,5.0,116.992797851562,5.0,High,1.0,1.0,1.0,High
258,145.0,1.0,1.0,5.0,4.0,109.412704467773,4.5,High,1.0,1.0,1.0,High
260,146.0,1.0,1.0,5.0,4.0,102.518913269043,4.5,High,1.0,1.0,1.0,High
261,147.0,1.0,1.0,5.0,4.0,93.8471069335938,4.5,High,1.0,1.0,1.0,High
262,148.0,1.0,1.0,5.0,5.0,117.929954528809,5.0,High,1.0,1.0,1.0,High
263,149.0,1.0,1.0,5.0,5.0,105.915023803711,5.0,High,1.0,1.0,1.0,High
264,150.0,1.0,1.0,5.0,5.0,122.072235107422,5.0,High,1.0,1.0,1.0,High
265,151.0,1.0,1.0,5.0,4.0,116.718978881836,4.5,High,1.0,1.0,1.0,High
266,152.0,1.0,1.0,5.0,5.0,121.479209899902,5.0,High,1.0,1.0,1.0,High
267,153.0,1.0,1.0,5.0,5.0,123.565048217773,5.0,High,1.0,1.0,1.0,High
268,154.0,1.0,1.0,5.0,5.0,120.735931396484,5.0,High,1.0,1.0,1.0,High
269,155.0,1.0,1.0,5.0,5.0,109.224617004395,5.0,High,1.0,1.0,1.0,High
270,156.0,1.0,1.0,5.0,5.0,114.643653869629,5.0,High,1.0,1.0,1.0,High
271,157.0,1.0,1.0,5.0,4.0,101.790267944336,4.5,High,1.0,1.0,1.0,High
272,158.0,1.0,1.0,5.0,4.0,90.0837173461914,4.5,High,1.0,1.0,1.0,High
273,159.0,1.0,1.0,5.0,4.0,83.4308624267578,4.5,High,1.0,1.0,1.0,High
274,160.0,1.0,1.0,5.0,5.0,126.54271697998,5.0,High,1.0,1.0,1.0,High
275,161.0,1.0,1.0,5.0,3.0,78.4820098876953,4.0,High,1.0,1.0,1.0,High
276,162.0,1.0,1.0,5.0,5.0,128.829437255859,5.0,High,1.0,1.0,1.0,High
277,163.0,1.0,1.0,5.0,5.0,125.413116455078,5.0,High,1.0,1.0,1.0,High
278,164.0,1.0,1.0,5.0,4.0,114.421913146973,4.5,High,1.0,1.0,1.0,High
279,165.0,1.0,1.0,5.0,4.0,97.0627975463867,4.5,High,1.0,1.0,1.0,High
280,166.0,1.0,1.0,5.0,5.0,111.275085449219,5.0,High,1.0,1.0,1.0,High
281,167.0,1.0,1.0,5.0,4.0,104.903930664062,4.5,High,1.0,1.0,1.0,High
282,168.0,1.0,1.0,5.0,4.0,99.3569869995117,4.5,High,1.0,1.0,1.0,High
283,169.0,1.0,1.0,5.0,4.0,101.052917480469,4.5,High,1.0,1.0,1.0,High
285,171.0,1.0,1.0,5.0,5.0,127.826454162598,5.0,High,1.0,1.0,1.0,High
286,172.0,1.0,1.0,5.0,4.0,97.7150497436523,4.5,High,1.0,1.0,1.0,High
287,173.0,1.0,1.0,5.0,5.0,121.247215270996,5.0,High,1.0,1.0,1.0,High
288,174.0,1.0,1.0,5.0,5.0,129.127227783203,5.0,High,1.0,1.0,1.0,High
296,182.0,1.0,1.0,5.0,4.0,106.733474731445,4.5,High,1.0,1.0,1.0,High
289,175.0,1.0,1.0,5.0,5.0,121.937339782715,5.0,High,1.0,1.0,1.0,High
290,176.0,1.0,1.0,5.0,5.0,121.638862609863,5.0,High,1.0,1.0,1.0,High
291,177.0,1.0,1.0,5.0,5.0,103.129425048828,5.0,High,1.0,1.0,1.0,High
292,178.0,1.0,1.0,5.0,5.0,108.941772460938,5.0,High,1.0,1.0,1.0,High
293,179.0,1.0,1.0,5.0,5.0,106.820770263672,5.0,High,1.0,1.0,1.0,High
294,180.0,1.0,1.0,5.0,5.0,110.941680908203,5.0,High,1.0,1.0,1.0,High
295,181.0,1.0,1.0,5.0,5.0,119.162208557129,5.0,High,1.0,1.0,1.0,High
300,186.0,1.0,1.0,5.0,5.0,110.562774658203,5.0,High,1.0,1.0,1.0,High
297,183.0,1.0,1.0,5.0,5.0,124.314498901367,5.0,High,1.0,1.0,1.0,High
298,184.0,1.0,1.0,5.0,5.0,97.9067077636719,5.0,High,1.0,1.0,1.0,High
299,185.0,1.0,1.0,5.0,4.0,102.554176330566,4.5,High,1.0,1.0,1.0,High
302,188.0,1.0,1.0,5.0,5.0,109.542938232422,5.0,High,1.0,1.0,1.0,High
301,187.0,1.0,1.0,5.0,4.0,82.3586273193359,4.5,High,1.0,1.0,1.0,High
303,189.0,1.0,1.0,5.0,5.0,118.771118164062,5.0,High,1.0,1.0,1.0,High
304,190.0,1.0,1.0,5.0,4.0,111.07251739502,4.5,High,1.0,1.0,1.0,High
369,,,,,,,,,,1.0,1.0,High
356,240.0,1.0,1.0,5.0,4.0,104.972839355469,4.5,High,1.0,1.0,1.0,High
339,224.0,1.0,1.0,5.0,5.0,100.607322692871,5.0,High,1.0,1.0,1.0,High
340,225.0,1.0,1.0,5.0,5.0,109.586135864258,5.0,High,1.0,1.0,1.0,High
341,226.0,1.0,1.0,5.0,4.0,101.498085021973,4.5,High,1.0,1.0,1.0,High
343,228.0,1.0,1.0,5.0,5.0,124.133445739746,5.0,High,1.0,1.0,1.0,High
344,229.0,1.0,1.0,5.0,4.0,97.8505249023438,4.5,High,1.0,1.0,1.0,High
311,197.0,1.0,1.0,5.0,5.0,108.867401123047,5.0,High,1.0,1.0,1.0,High
312,198.0,1.0,1.0,5.0,4.0,110.576972961426,4.5,High,1.0,1.0,1.0,High
313,199.0,1.0,1.0,5.0,5.0,113.558158874512,5.0,High,1.0,1.0,1.0,High
314,200.0,1.0,1.0,5.0,5.0,106.748626708984,5.0,High,1.0,1.0,1.0,High
315,201.0,1.0,1.0,5.0,5.0,120.972915649414,5.0,High,1.0,1.0,1.0,High
316,202.0,1.0,1.0,5.0,5.0,118.963272094727,5.0,High,1.0,1.0,1.0,High
317,203.0,1.0,1.0,5.0,5.0,108.759384155273,5.0,High,1.0,1.0,1.0,High
318,204.0,1.0,1.0,5.0,4.0,101.563606262207,4.5,High,1.0,1.0,1.0,High
319,205.0,1.0,1.0,5.0,5.0,93.7130126953125,5.0,High,1.0,1.0,1.0,High
320,206.0,1.0,1.0,5.0,4.0,110.455078125,4.5,High,1.0,1.0,1.0,High
322,208.0,1.0,1.0,5.0,4.0,103.642433166504,4.5,High,1.0,1.0,1.0,High
323,209.0,1.0,1.0,5.0,4.0,102.917877197266,4.5,High,1.0,1.0,1.0,High
324,210.0,1.0,1.0,5.0,5.0,105.427108764648,5.0,High,1.0,1.0,1.0,High
326,212.0,1.0,1.0,5.0,5.0,117.2578125,5.0,High,1.0,1.0,1.0,High
325,211.0,1.0,1.0,5.0,5.0,122.15022277832,5.0,High,1.0,1.0,1.0,High
328,213.0,1.0,1.0,5.0,5.0,106.506195068359,5.0,High,1.0,1.0,1.0,High
329,214.0,1.0,1.0,5.0,5.0,123.071640014648,5.0,High,1.0,1.0,1.0,High
335,220.0,1.0,1.0,5.0,5.0,97.4975814819336,5.0,High,1.0,1.0,1.0,High
330,215.0,1.0,1.0,5.0,4.0,95.066291809082,4.5,High,1.0,1.0,1.0,High
332,217.0,1.0,1.0,5.0,3.0,78.430046081543,4.0,High,1.0,1.0,1.0,High
333,218.0,1.0,1.0,5.0,5.0,118.326248168945,5.0,High,1.0,1.0,1.0,High
336,221.0,1.0,1.0,5.0,4.0,99.4350891113281,4.5,High,1.0,1.0,1.0,High
334,219.0,1.0,1.0,5.0,4.0,87.72119140625,4.5,High,1.0,1.0,1.0,High
338,223.0,1.0,1.0,5.0,4.0,85.9181747436523,4.5,High,1.0,1.0,1.0,High
337,222.0,1.0,1.0,5.0,5.0,121.938766479492,5.0,High,1.0,1.0,1.0,High
370,,,,,,,,,,1.0,1.0,High
364,247.0,1.0,1.0,5.0,3.0,55.4119758605957,4.0,High,1.0,1.0,1.0,High
357,241.0,1.0,1.0,5.0,3.0,61.7387619018555,4.0,High,1.0,1.0,1.0,High
358,242.0,1.0,1.0,5.0,5.0,112.012161254883,5.0,High,1.0,1.0,1.0,High
361,244.0,1.0,1.0,5.0,3.0,66.8798904418945,4.0,High,1.0,1.0,1.0,High
360,243.0,1.0,1.0,5.0,5.0,107.775054931641,5.0,High,1.0,1.0,1.0,High
362,245.0,1.0,1.0,5.0,4.0,96.4485244750977,4.5,High,1.0,1.0,1.0,High
345,230.0,1.0,1.0,5.0,5.0,119.923332214355,5.0,High,1.0,1.0,1.0,High
349,234.0,1.0,1.0,5.0,5.0,109.292068481445,5.0,High,1.0,1.0,1.0,High
346,231.0,1.0,1.0,5.0,5.0,113.924728393555,5.0,High,1.0,1.0,1.0,High
347,232.0,1.0,1.0,5.0,4.0,100.618385314941,4.5,High,1.0,1.0,1.0,High
348,233.0,1.0,1.0,5.0,4.0,88.6995315551758,4.5,High,1.0,1.0,1.0,High
352,236.0,1.0,1.0,5.0,5.0,118.463966369629,5.0,High,1.0,1.0,1.0,High
350,235.0,1.0,1.0,5.0,5.0,108.407020568848,5.0,High,1.0,1.0,1.0,High
353,237.0,1.0,1.0,5.0,4.0,86.6591567993164,4.5,High,1.0,1.0,1.0,High
354,238.0,1.0,1.0,5.0,4.0,107.505210876465,4.5,High,1.0,1.0,1.0,High
365,248.0,1.0,1.0,5.0,3.0,63.2794761657715,4.0,High,1.0,1.0,1.0,High
368,251.0,1.0,1.0,5.0,4.0,103.891647338867,4.5,High,1.0,1.0,1.0,High
366,249.0,1.0,1.0,5.0,4.0,103.08935546875,4.5,High,1.0,1.0,1.0,High
363,246.0,1.0,1.0,5.0,4.0,83.9220809936523,4.5,High,1.0,1.0,1.0,High
202,91.0,1.0,1.0,5.0,3.0,52.0152320861816,4.0,High,1.0,1.0,0.995,High
217,106.0,1.0,1.0,5.0,3.0,71.3333358764648,4.0,High,1.0,1.0,0.995,High
193,82.0,1.0,1.0,5.0,3.0,53.9018898010254,4.0,High,1.0,1.0,0.995,High
210,99.0,1.0,1.0,5.0,3.0,52.0099601745605,4.0,High,1.0,1.0,0.995,High
331,216.0,1.0,1.0,5.0,3.0,77.2071151733398,4.0,High,1.0,1.0,0.995,High
284,170.0,1.0,1.0,5.0,3.0,53.7387847900391,4.0,High,1.0,1.0,0.995,High
203,92.0,1.0,1.0,5.0,4.0,73.1082916259766,4.5,High,1.0,1.0,0.975,High
200,89.0,1.0,1.0,5.0,3.0,74.0008010864258,4.0,High,1.0,1.0,0.95,High
194,83.0,1.0,1.0,5.0,2.0,74.396858215332,3.5,Medium,0.0,0.0,0.235,Medium
321,207.0,1.0,1.0,5.0,2.0,38.8673629760742,3.5,Medium,0.0,0.0,0.055,Medium
342,227.0,1.0,1.0,5.0,1.0,15.7190065383911,3.0,Medium,0.0,0.0,0.055,Medium
355,239.0,1.0,1.0,5.0,2.0,41.6655883789062,3.5,Medium,0.0,0.0,0.055,Medium
