fid,rand_point_id,DN,POP_1,ROAD_1,POPS_1,POPVAL_1,SUIT_SCORE,SUIT_CLASS,ML_CLUSTER,ML_CLASS,ML_PRIORITY_SCORE,ML_RANK
104,36.0,1.0,1.0,5.0,5.0,129.127227783203,5.0,High,1,High Potential,5.0,1
288,174.0,1.0,1.0,5.0,5.0,129.127227783203,5.0,High,1,High Potential,5.0,2
276,162.0,1.0,1.0,5.0,5.0,128.829437255859,5.0,High,1,High Potential,4.996540731194462,3
92,30.0,1.0,1.0,5.0,5.0,128.829437255859,5.0,High,1,High Potential,4.996540731194462,4
90,29.0,1.0,1.0,5.0,5.0,128.410659790039,5.0,High,1,High Potential,4.991676023653581,5
285,171.0,1.0,1.0,5.0,5.0,127.826454162598,5.0,High,1,High Potential,4.9848896281256545,6
101,34.0,1.0,1.0,5.0,5.0,127.826454162598,5.0,High,1,High Potential,4.9848896281256545,7
274,160.0,1.0,1.0,5.0,5.0,126.54271697998,5.0,High,1,High Potential,4.969977159183318,8
83,25.0,1.0,1.0,5.0,5.0,125.612327575684,5.0,High,1,High Potential,4.959169337081018,9
277,163.0,1.0,1.0,5.0,5.0,125.413116455078,5.0,High,1,High Potential,4.956855211036195,10
86,28.0,1.0,1.0,5.0,5.0,124.880218505859,5.0,High,1,High Potential,4.950664828592838,11
111,43.0,1.0,1.0,5.0,5.0,124.60538482666,5.0,High,1,High Potential,4.947472236868569,12
297,183.0,1.0,1.0,5.0,5.0,124.314498901367,5.0,High,1,High Potential,4.944093175028318,13
343,228.0,1.0,1.0,5.0,5.0,124.133445739746,5.0,High,1,High Potential,4.94198998000823,14
159,68.0,1.0,1.0,5.0,5.0,124.133445739746,5.0,High,1,High Potential,4.94198998000823,15
267,153.0,1.0,1.0,5.0,5.0,123.565048217773,5.0,High,1,High Potential,4.935387218548881,16
81,23.0,1.0,1.0,5.0,5.0,123.542633056641,5.0,High,1,High Potential,4.935126833947776,17
113,44.0,1.0,1.0,5.0,5.0,123.484321594238,5.0,High,1,High Potential,4.934449461753654,18
93,31.0,1.0,1.0,5.0,5.0,123.450538635254,5.0,High,1,High Potential,4.934057023695887,19
329,214.0,1.0,1.0,5.0,5.0,123.071640014648,5.0,High,1,High Potential,4.929655566771069,20
79,22.0,1.0,1.0,5.0,5.0,122.711486816406,5.0,High,1,High Potential,4.925471865110022,21
161,69.0,1.0,1.0,5.0,5.0,122.608070373535,5.0,High,1,High Potential,4.924270533160366,22
325,211.0,1.0,1.0,5.0,5.0,122.15022277832,5.0,High,1,High Potential,4.91895196941039,23
264,150.0,1.0,1.0,5.0,5.0,122.072235107422,5.0,High,1,High Potential,4.918046029521838,24
337,222.0,1.0,1.0,5.0,5.0,121.938766479492,5.0,High,1,High Potential,4.916495597863605,25
105,37.0,1.0,1.0,5.0,5.0,121.937339782715,5.0,High,1,High Potential,4.916479024711665,26
289,175.0,1.0,1.0,5.0,5.0,121.937339782715,5.0,High,1,High Potential,4.916479024711665,27
106,38.0,1.0,1.0,5.0,5.0,121.638862609863,5.0,High,1,High Potential,4.913011779522838,28
290,176.0,1.0,1.0,5.0,5.0,121.638862609863,5.0,High,1,High Potential,4.913011779522838,29
266,152.0,1.0,1.0,5.0,5.0,121.479209899902,5.0,High,1,High Potential,4.91115718178189,30
287,173.0,1.0,1.0,5.0,5.0,121.247215270996,5.0,High,1,High Potential,4.908462227748313,31
103,35.0,1.0,1.0,5.0,5.0,121.247215270996,5.0,High,1,High Potential,4.908462227748313,32
131,56.0,1.0,1.0,5.0,5.0,120.972915649414,5.0,High,1,High Potential,4.90527583987771,33
315,201.0,1.0,1.0,5.0,5.0,120.972915649414,5.0,High,1,High Potential,4.90527583987771,34
123,50.0,1.0,1.0,5.0,5.0,120.92618560791,5.0,High,1,High Potential,4.904733002681718,35
268,154.0,1.0,1.0,5.0,5.0,120.735931396484,5.0,High,1,High Potential,4.902522924125567,36
307,193.0,1.0,1.0,5.0,5.0,120.507926940918,5.0,High,1,High Potential,4.899874321741542,37
153,65.0,1.0,1.0,5.0,5.0,119.969024658203,5.0,High,1,High Potential,4.893614190257657,38
345,230.0,1.0,1.0,5.0,5.0,119.923332214355,5.0,High,1,High Potential,4.8930834062630755,39
243,130.0,1.0,1.0,5.0,5.0,119.764297485352,5.0,High,1,High Potential,4.891235987267099,40
58,10.0,1.0,1.0,5.0,5.0,119.764297485352,5.0,High,1,High Potential,4.891235987267099,41
84,26.0,1.0,1.0,5.0,5.0,119.377220153809,5.0,High,1,High Potential,4.886739522754677,42
82,24.0,1.0,1.0,5.0,5.0,119.310653686523,5.0,High,1,High Potential,4.885966256708135,43
295,181.0,1.0,1.0,5.0,5.0,119.162208557129,5.0,High,1,High Potential,4.884241851267751,44
316,202.0,1.0,1.0,5.0,5.0,118.963272094727,5.0,High,1,High Potential,4.881930915776253,45
303,189.0,1.0,1.0,5.0,5.0,118.771118164062,5.0,High,1,High Potential,4.879698769226328,46
119,47.0,1.0,1.0,5.0,5.0,118.771118164062,5.0,High,1,High Potential,4.879698769226328,47
168,74.0,1.0,1.0,5.0,5.0,118.463966369629,5.0,High,1,High Potential,4.87613075572864,48
352,236.0,1.0,1.0,5.0,5.0,118.463966369629,5.0,High,1,High Potential,4.87613075572864,49
62,13.0,1.0,1.0,5.0,5.0,118.452255249023,5.0,High,1,High Potential,4.875994714080333,50
247,134.0,1.0,1.0,5.0,5.0,118.452255249023,5.0,High,1,High Potential,4.875994714080333,51
333,218.0,1.0,1.0,5.0,5.0,118.326248168945,5.0,High,1,High Potential,4.874530959120501,52
149,64.0,1.0,1.0,5.0,5.0,118.163482666016,5.0,High,1,High Potential,4.872640201775324,53
145,63.0,1.0,1.0,5.0,5.0,118.059051513672,5.0,High,1,High Potential,4.871427082503693,54
262,148.0,1.0,1.0,5.0,5.0,117.929954528809,5.0,High,1,High Potential,4.8699274338190675,55
77,20.0,1.0,1.0,5.0,5.0,117.929954528809,5.0,High,1,High Potential,4.8699274338190675,56
28,3.0,1.0,1.0,5.0,5.0,117.390853881836,5.0,High,1,High Potential,4.863664998046675,57
142,61.0,1.0,1.0,5.0,5.0,117.2578125,5.0,High,1,High Potential,4.862119529471379,58
326,212.0,1.0,1.0,5.0,5.0,117.2578125,5.0,High,1,High Potential,4.862119529471379,59
162,70.0,1.0,1.0,5.0,5.0,117.07689666748,5.0,High,1,High Potential,4.860017929727941,60
254,141.0,1.0,1.0,5.0,5.0,117.047950744629,5.0,High,1,High Potential,4.859681680859117,61
60,12.0,1.0,1.0,5.0,5.0,117.02571105957,5.0,High,1,High Potential,4.859423334667061,62
72,18.0,1.0,1.0,5.0,5.0,116.992797851562,5.0,High,1,High Potential,4.859041000028119,63
257,144.0,1.0,1.0,5.0,5.0,116.992797851562,5.0,High,1,High Potential,4.859041000028119,64
59,11.0,1.0,1.0,5.0,5.0,116.951812744141,5.0,High,1,High Potential,4.8585648985723155,65
213,102.0,1.0,1.0,5.0,5.0,116.625366210938,5.0,High,1,High Potential,4.854772748704228,66
256,143.0,1.0,1.0,5.0,5.0,115.929206848145,5.0,High,1,High Potential,4.846685848194426,67
71,17.0,1.0,1.0,5.0,5.0,115.929206848145,5.0,High,1,High Potential,4.846685848194426,68
245,132.0,1.0,1.0,5.0,5.0,115.899055480957,5.0,High,1,High Potential,4.846335596341595,69
64,14.0,1.0,1.0,5.0,5.0,115.548805236816,5.0,High,1,High Potential,4.8422669318528495,70
141,60.0,1.0,1.0,5.0,5.0,115.40266418457,5.0,High,1,High Potential,4.840569291609716,71
118,46.0,1.0,1.0,5.0,5.0,114.760444641113,5.0,High,1,High Potential,4.833108980320429,72
270,156.0,1.0,1.0,5.0,5.0,114.643653869629,5.0,High,1,High Potential,4.831752286149621,73
346,231.0,1.0,1.0,5.0,5.0,113.924728393555,5.0,High,1,High Potential,4.823400924220582,74
155,66.0,1.0,1.0,5.0,5.0,113.785934448242,5.0,High,1,High Potential,4.821788631278624,75
52,8.0,1.0,1.0,5.0,5.0,113.736114501953,5.0,High,1,High Potential,4.821209900357838,76
313,199.0,1.0,1.0,5.0,5.0,113.558158874512,5.0,High,1,High Potential,4.81914268768903,77
121,48.0,1.0,1.0,5.0,5.0,113.381141662598,5.0,High,1,High Potential,4.817086376077378,78
305,191.0,1.0,1.0,5.0,5.0,113.381141662598,5.0,High,1,High Potential,4.817086376077378,79
94,32.0,1.0,1.0,5.0,5.0,112.839324951172,5.0,High,1,High Potential,4.810792389277758,80
242,129.0,1.0,1.0,5.0,5.0,112.315208435059,5.0,High,1,High Potential,4.804704015914013,81
57,9.0,1.0,1.0,5.0,5.0,112.315208435059,5.0,High,1,High Potential,4.804704015914013,82
26,2.0,1.0,1.0,5.0,5.0,112.290740966797,5.0,High,1,High Potential,4.804419790789513,83
129,54.0,1.0,1.0,5.0,5.0,112.275444030762,5.0,High,1,High Potential,4.804242094695154,84
174,75.0,1.0,1.0,5.0,5.0,112.012161254883,5.0,High,1,High Potential,4.801183683463082,85
358,242.0,1.0,1.0,5.0,5.0,112.012161254883,5.0,High,1,High Potential,4.801183683463082,86
280,166.0,1.0,1.0,5.0,5.0,111.275085449219,5.0,High,1,High Potential,4.792621479135795,87
96,33.0,1.0,1.0,5.0,5.0,111.275085449219,5.0,High,1,High Potential,4.792621479135795,88
294,180.0,1.0,1.0,5.0,5.0,110.941680908203,5.0,High,1,High Potential,4.788748501917049,89
249,136.0,1.0,1.0,5.0,5.0,110.898399353027,5.0,High,1,High Potential,4.7882457238904585,90
300,186.0,1.0,1.0,5.0,5.0,110.562774658203,5.0,High,1,High Potential,4.784346956365756,91
251,138.0,1.0,1.0,5.0,5.0,110.500991821289,5.0,High,1,High Potential,4.783629259122797,92
66,16.0,1.0,1.0,5.0,5.0,110.500991821289,5.0,High,1,High Potential,4.783629259122797,93
156,67.0,1.0,1.0,5.0,5.0,110.363929748535,5.0,High,1,High Potential,4.782037084392025,94
212,101.0,1.0,1.0,5.0,5.0,110.219818115234,5.0,High,1,High Potential,4.780363018792828,95
116,45.0,1.0,1.0,5.0,5.0,110.118827819824,5.0,High,1,High Potential,4.779189870064124,96
127,53.0,1.0,1.0,5.0,5.0,109.953582763672,5.0,High,1,High Potential,4.777270309112625,97
107,39.0,1.0,1.0,5.0,5.0,109.72338104248,5.0,High,1,High Potential,4.7745961823020675,98
340,225.0,1.0,1.0,5.0,5.0,109.586135864258,5.0,High,1,High Potential,4.773001880535761,99
306,192.0,1.0,1.0,5.0,5.0,109.564826965332,5.0,High,1,High Potential,4.772754346774387,100
302,188.0,1.0,1.0,5.0,5.0,109.542938232422,5.0,High,1,High Potential,4.772500077400462,101
349,234.0,1.0,1.0,5.0,5.0,109.292068481445,5.0,High,1,High Potential,4.769585861452938,102
269,155.0,1.0,1.0,5.0,5.0,109.224617004395,5.0,High,1,High Potential,4.76880231473462,103
38,5.0,1.0,1.0,5.0,5.0,109.099899291992,5.0,High,1,High Potential,4.767353537650064,104
223,111.0,1.0,1.0,5.0,5.0,109.099899291992,5.0,High,1,High Potential,4.767353537650064,105
108,40.0,1.0,1.0,5.0,5.0,108.941772460938,5.0,High,1,High Potential,4.765516665205322,106
292,178.0,1.0,1.0,5.0,5.0,108.941772460938,5.0,High,1,High Potential,4.765516665205322,107
311,197.0,1.0,1.0,5.0,5.0,108.867401123047,5.0,High,1,High Potential,4.7646527342687435,108
317,203.0,1.0,1.0,5.0,5.0,108.759384155273,5.0,High,1,High Potential,4.76339796055105,109
133,58.0,1.0,1.0,5.0,5.0,108.759384155273,5.0,High,1,High Potential,4.76339796055105,110
110,42.0,1.0,1.0,5.0,5.0,108.73607635498,5.0,High,1,High Potential,4.763127206651661,111
350,235.0,1.0,1.0,5.0,5.0,108.407020568848,5.0,High,1,High Potential,4.7593047465270875,112
211,100.0,1.0,1.0,5.0,5.0,108.324668884277,5.0,High,1,High Potential,4.758348112291403,113
244,131.0,1.0,1.0,5.0,5.0,108.021621704102,5.0,High,1,High Potential,4.754827779840483,114
166,73.0,1.0,1.0,5.0,5.0,107.819869995117,5.0,High,1,High Potential,4.752484141177493,115
176,76.0,1.0,1.0,5.0,5.0,107.775054931641,5.0,High,1,High Potential,4.751963549228234,116
360,243.0,1.0,1.0,5.0,5.0,107.775054931641,5.0,High,1,High Potential,4.751963549228234,117
225,113.0,1.0,1.0,5.0,5.0,107.756988525391,5.0,High,1,High Potential,4.751753681721278,118
39,6.0,1.0,1.0,5.0,5.0,107.679069519043,5.0,High,1,High Potential,4.750848539471045,119
308,194.0,1.0,1.0,5.0,5.0,107.532447814941,5.0,High,1,High Potential,4.749145315759605,120
124,51.0,1.0,1.0,5.0,5.0,107.532447814941,5.0,High,1,High Potential,4.749145315759605,121
125,52.0,1.0,1.0,5.0,5.0,107.525268554688,5.0,High,1,High Potential,4.749061918241015,122
309,195.0,1.0,1.0,5.0,5.0,107.525268554688,5.0,High,1,High Potential,4.749061918241015,123
201,90.0,1.0,1.0,5.0,5.0,107.336975097656,5.0,High,1,High Potential,4.746874616690468,124
122,49.0,1.0,1.0,5.0,5.0,107.197875976562,5.0,High,1,High Potential,4.745258778689274,125
33,4.0,1.0,1.0,5.0,5.0,107.188621520996,5.0,High,1,High Potential,4.745151274767852,126
218,107.0,1.0,1.0,5.0,5.0,106.829231262207,5.0,High,1,High Potential,4.7409764357549005,127
293,179.0,1.0,1.0,5.0,5.0,106.820770263672,5.0,High,1,High Potential,4.740878148987498,128
250,137.0,1.0,1.0,5.0,5.0,106.763969421387,5.0,High,1,High Potential,4.7402183248366185,129
130,55.0,1.0,1.0,5.0,5.0,106.748626708984,5.0,High,1,High Potential,4.740040096983364,130
314,200.0,1.0,1.0,5.0,5.0,106.748626708984,5.0,High,1,High Potential,4.740040096983364,131
197,86.0,1.0,1.0,5.0,5.0,106.676635742188,5.0,High,1,High Potential,4.739203817508866,132
328,213.0,1.0,1.0,5.0,5.0,106.506195068359,5.0,High,1,High Potential,4.737223901923806,133
140,59.0,1.0,1.0,5.0,5.0,106.40648651123,5.0,High,1,High Potential,4.7360656424439025,134
224,112.0,1.0,1.0,5.0,5.0,106.389785766602,5.0,High,1,High Potential,4.735871639077052,135
246,133.0,1.0,1.0,5.0,5.0,106.285415649414,5.0,High,1,High Potential,4.734659228817267,136
12,0.0,1.0,1.0,5.0,5.0,106.088180541992,5.0,High,1,High Potential,4.732368057031021,137
78,21.0,1.0,1.0,5.0,5.0,105.915023803711,5.0,High,1,High Potential,4.730356590418746,138
263,149.0,1.0,1.0,5.0,5.0,105.915023803711,5.0,High,1,High Potential,4.730356590418746,139
324,210.0,1.0,1.0,5.0,5.0,105.427108764648,5.0,High,1,High Potential,4.724688749707234,140
165,72.0,1.0,1.0,5.0,5.0,103.849586486816,5.0,High,1,High Potential,4.706363540861886,141
291,177.0,1.0,1.0,5.0,5.0,103.129425048828,5.0,High,1,High Potential,4.697997821442929,142
109,41.0,1.0,1.0,5.0,5.0,102.538887023926,5.0,High,1,High Potential,4.691137865935789,143
144,62.0,1.0,1.0,5.0,5.0,101.839477539062,5.0,High,1,High Potential,4.683013210545081,144
339,224.0,1.0,1.0,5.0,5.0,100.607322692871,5.0,High,1,High Potential,4.668699945240651,145
298,184.0,1.0,1.0,5.0,5.0,97.9067077636719,5.0,High,1,High Potential,4.637328386636451,146
335,220.0,1.0,1.0,5.0,5.0,97.4975814819336,5.0,High,1,High Potential,4.632575791594004,147
319,205.0,1.0,1.0,5.0,5.0,93.7130126953125,5.0,High,1,High Potential,4.588612537078366,148
65,15.0,1.0,1.0,5.0,5.0,90.8541488647461,5.0,High,1,High Potential,4.555402688005718,149
184,77.0,1.0,1.0,5.0,5.0,79.9103240966797,5.0,High,1,High Potential,4.42827429352287,150
132,57.0,1.0,1.0,5.0,4.0,118.963272094727,4.5,High,0,Other Potential,4.331930915776253,151
265,151.0,1.0,1.0,5.0,4.0,116.718978881836,4.5,High,0,Other Potential,4.305860195625824,152
278,164.0,1.0,1.0,5.0,4.0,114.421913146973,4.5,High,0,Other Potential,4.2791764461064785,153
304,190.0,1.0,1.0,5.0,4.0,111.07251739502,4.5,High,0,Other Potential,4.24026835743935,154
312,198.0,1.0,1.0,5.0,4.0,110.576972961426,4.5,High,0,Other Potential,4.234511890246861,155
320,206.0,1.0,1.0,5.0,4.0,110.455078125,4.5,High,0,Other Potential,4.233095904960272,156
258,145.0,1.0,1.0,5.0,4.0,109.412704467773,4.5,High,0,Other Potential,4.220987223370161,157
73,19.0,1.0,1.0,5.0,4.0,109.412704467773,4.5,High,0,Other Potential,4.220987223370161,158
354,238.0,1.0,1.0,5.0,4.0,107.505210876465,4.5,High,0,Other Potential,4.198828919222519,159
296,182.0,1.0,1.0,5.0,4.0,106.733474731445,4.5,High,0,Other Potential,4.189864084792143,160
356,240.0,1.0,1.0,5.0,4.0,104.972839355469,4.5,High,0,Other Potential,4.169411751776847,161
281,167.0,1.0,1.0,5.0,4.0,104.903930664062,4.5,High,0,Other Potential,4.168611277400645,162
310,196.0,1.0,1.0,5.0,4.0,103.907958984375,4.5,High,0,Other Potential,4.157041622067853,163
368,251.0,1.0,1.0,5.0,4.0,103.891647338867,4.5,High,0,Other Potential,4.15685213865152,164
248,135.0,1.0,1.0,5.0,4.0,103.884826660156,4.5,High,0,Other Potential,4.156772906577524,165
230,118.0,1.0,1.0,5.0,4.0,103.717971801758,4.5,High,0,Other Potential,4.15483464543854,166
322,208.0,1.0,1.0,5.0,4.0,103.642433166504,4.5,High,0,Other Potential,4.153957154650375,167
253,140.0,1.0,1.0,5.0,4.0,103.501388549805,4.5,High,0,Other Potential,4.152318716896537,168
206,95.0,1.0,1.0,5.0,4.0,103.342628479004,4.5,High,0,Other Potential,4.150474488453862,169
234,122.0,1.0,1.0,5.0,4.0,103.199760437012,4.5,High,0,Other Potential,4.14881486897107,170
366,249.0,1.0,1.0,5.0,4.0,103.08935546875,4.5,High,0,Other Potential,4.1475323551648335,171
323,209.0,1.0,1.0,5.0,4.0,102.917877197266,4.5,High,0,Other Potential,4.145540386378375,172
16,1.0,1.0,1.0,5.0,4.0,102.82364654541,4.5,High,0,Other Potential,4.144445760711809,173
229,117.0,1.0,1.0,5.0,4.0,102.76171875,4.5,High,0,Other Potential,4.143726379565713,174
40,7.0,1.0,1.0,5.0,4.0,102.756942749023,4.5,High,0,Other Potential,4.143670899388615,175
299,185.0,1.0,1.0,5.0,4.0,102.554176330566,4.5,High,0,Other Potential,4.141315473403662,176
260,146.0,1.0,1.0,5.0,4.0,102.518913269043,4.5,High,0,Other Potential,4.140905841808587,177
237,125.0,1.0,1.0,5.0,4.0,102.135360717773,4.5,High,0,Other Potential,4.136450322730372,178
252,139.0,1.0,1.0,5.0,4.0,102.04615020752,4.5,High,0,Other Potential,4.135414013288306,179
271,157.0,1.0,1.0,5.0,4.0,101.790267944336,4.5,High,0,Other Potential,4.132441569742779,180
318,204.0,1.0,1.0,5.0,4.0,101.563606262207,4.5,High,0,Other Potential,4.129808565619402,181
341,226.0,1.0,1.0,5.0,4.0,101.498085021973,4.5,High,0,Other Potential,4.1290474414007665,182
283,169.0,1.0,1.0,5.0,4.0,101.052917480469,4.5,High,0,Other Potential,4.123876174862178,183
208,97.0,1.0,1.0,5.0,4.0,100.630569458008,4.5,High,0,Other Potential,4.118969990128195,184
347,232.0,1.0,1.0,5.0,4.0,100.618385314941,4.5,High,0,Other Potential,4.118828453638066,185
198,87.0,1.0,1.0,5.0,4.0,100.109046936035,4.5,High,0,Other Potential,4.112911749767975,186
163,71.0,1.0,1.0,5.0,4.0,99.602783203125,4.5,High,0,Other Potential,4.1070307623697175,187
336,221.0,1.0,1.0,5.0,4.0,99.4350891113281,4.5,High,0,Other Potential,4.10508275231782,188
282,168.0,1.0,1.0,5.0,4.0,99.3569869995117,4.5,High,0,Other Potential,4.104175483032048,189
222,110.0,1.0,1.0,5.0,4.0,99.2727127075195,4.5,High,0,Other Potential,4.103196514923164,190
228,116.0,1.0,1.0,5.0,4.0,98.7385330200195,4.5,High,0,Other Potential,4.096991243231006,191
344,229.0,1.0,1.0,5.0,4.0,97.8505249023438,4.5,High,0,Other Potential,4.08667574123053,192
215,104.0,1.0,1.0,5.0,4.0,97.8046112060547,4.5,High,0,Other Potential,4.086142387068003,193
235,123.0,1.0,1.0,5.0,4.0,97.7761688232422,4.5,High,0,Other Potential,4.085811987546917,194
286,172.0,1.0,1.0,5.0,4.0,97.7150497436523,4.5,High,0,Other Potential,4.085102000807801,195
240,127.0,1.0,1.0,5.0,4.0,97.5842666625977,4.5,High,0,Other Potential,4.083582765670877,196
227,115.0,1.0,1.0,5.0,4.0,97.1099243164062,4.5,High,0,Other Potential,4.078072591469028,197
279,165.0,1.0,1.0,5.0,4.0,97.0627975463867,4.5,High,0,Other Potential,4.077525145696027,198
216,105.0,1.0,1.0,5.0,4.0,96.9555282592773,4.5,High,0,Other Potential,4.076279057373476,199
362,245.0,1.0,1.0,5.0,4.0,96.4485244750977,4.5,High,0,Other Potential,4.070389473206562,200
205,94.0,1.0,1.0,5.0,4.0,96.2413711547852,4.5,High,0,Other Potential,4.067983086995047,201
330,215.0,1.0,1.0,5.0,4.0,95.066291809082,4.5,High,0,Other Potential,4.054332836394808,202
187,78.0,1.0,1.0,5.0,4.0,94.0025100708008,4.5,High,0,Other Potential,4.0419754688990785,203
261,147.0,1.0,1.0,5.0,4.0,93.8471069335938,4.5,High,0,Other Potential,4.040170236108037,204
204,93.0,1.0,1.0,5.0,4.0,93.8186111450195,4.5,High,0,Other Potential,4.0398392162015835,205
192,81.0,1.0,1.0,5.0,4.0,93.173957824707,4.5,High,0,Other Potential,4.032350633064863,206
232,120.0,1.0,1.0,5.0,4.0,93.1523284912109,4.5,High,0,Other Potential,4.03209937699129,207
220,109.0,1.0,1.0,5.0,4.0,92.4483337402344,4.5,High,0,Other Potential,4.023921457085523,208
238,126.0,1.0,1.0,5.0,4.0,91.7956161499023,4.5,High,0,Other Potential,4.016339195758408,209
272,158.0,1.0,1.0,5.0,4.0,90.0837173461914,4.5,High,0,Other Potential,3.996453008703594,210
219,108.0,1.0,1.0,5.0,4.0,90.070182800293,4.5,High,0,Other Potential,3.9962957853263394,211
209,98.0,1.0,1.0,5.0,4.0,89.8220748901367,4.5,High,0,Other Potential,3.993413652164933,212
226,114.0,1.0,1.0,5.0,4.0,88.7524871826172,4.5,High,0,Other Potential,3.9809888399171793,213
348,233.0,1.0,1.0,5.0,4.0,88.6995315551758,4.5,High,0,Other Potential,3.9803736835127106,214
231,119.0,1.0,1.0,5.0,4.0,88.1681747436523,4.5,High,0,Other Potential,3.9742012036185135,215
334,219.0,1.0,1.0,5.0,4.0,87.72119140625,4.5,High,0,Other Potential,3.969008843977454,216
207,96.0,1.0,1.0,5.0,4.0,87.5774993896484,4.5,High,0,Other Potential,3.9673396528347125,217
353,237.0,1.0,1.0,5.0,4.0,86.6591567993164,4.5,High,0,Other Potential,3.9566717719458673,218
338,223.0,1.0,1.0,5.0,4.0,85.9181747436523,4.5,High,0,Other Potential,3.948064190860318,219
199,88.0,1.0,1.0,5.0,4.0,84.9581909179688,4.5,High,0,Other Potential,3.9369125866382952,220
241,128.0,1.0,1.0,5.0,4.0,84.4736099243164,4.5,High,0,Other Potential,3.9312834756989745,221
363,246.0,1.0,1.0,5.0,4.0,83.9220809936523,4.5,High,0,Other Potential,3.9248766673890714,222
273,159.0,1.0,1.0,5.0,4.0,83.4308624267578,4.5,High,0,Other Potential,3.9191704514113006,223
236,124.0,1.0,1.0,5.0,4.0,82.7745666503906,4.5,High,0,Other Potential,3.9115466242646075,224
301,187.0,1.0,1.0,5.0,4.0,82.3586273193359,4.5,High,0,Other Potential,3.9067148857746465,225
85,27.0,1.0,1.0,5.0,4.0,79.4913940429688,4.5,High,0,Other Potential,3.873407813452367,226
203,92.0,1.0,1.0,5.0,4.0,73.1082916259766,4.5,High,0,Other Potential,3.7992588226480137,227
233,121.0,1.0,1.0,5.0,3.0,85.8377914428711,4.0,High,2,Other Potential,3.397130422256734,228
195,84.0,1.0,1.0,5.0,3.0,82.5702133178711,4.0,High,2,Other Potential,3.3591727639716114,229
255,142.0,1.0,1.0,5.0,3.0,81.5037460327148,4.0,High,2,Other Potential,3.346784199954577,230
191,80.0,1.0,1.0,5.0,3.0,79.6025543212891,4.0,High,2,Other Potential,3.324699101280217,231
275,161.0,1.0,1.0,5.0,3.0,78.4820098876953,4.0,High,2,Other Potential,3.3116823527660095,232
332,217.0,1.0,1.0,5.0,3.0,78.430046081543,4.0,High,2,Other Potential,3.311078717804069,233
331,216.0,1.0,1.0,5.0,3.0,77.2071151733398,4.0,High,2,Other Potential,3.296872601915136,234
200,89.0,1.0,1.0,5.0,3.0,74.0008010864258,4.0,High,2,Other Potential,3.259626614272268,235
217,106.0,1.0,1.0,5.0,3.0,71.3333358764648,4.0,High,2,Other Potential,3.2286401377279152,236
196,85.0,1.0,1.0,5.0,3.0,67.3826065063477,4.0,High,2,Other Potential,3.1827466870830583,237
361,244.0,1.0,1.0,5.0,3.0,66.8798904418945,4.0,High,2,Other Potential,3.1769069109984525,238
214,103.0,1.0,1.0,5.0,3.0,65.9041442871094,4.0,High,2,Other Potential,3.165572204466729,239
365,248.0,1.0,1.0,5.0,3.0,63.2794761657715,4.0,High,2,Other Potential,3.135082878167423,240
357,241.0,1.0,1.0,5.0,3.0,61.7387619018555,4.0,High,2,Other Potential,3.1171852477795534,241
367,250.0,1.0,1.0,5.0,3.0,57.639778137207,4.0,High,2,Other Potential,3.069569607356329,242
188,79.0,1.0,1.0,5.0,3.0,56.9732856750488,4.0,High,2,Other Potential,3.0618273309178092,243
364,247.0,1.0,1.0,5.0,3.0,55.4119758605957,4.0,High,2,Other Potential,3.04369045334454,244
193,82.0,1.0,1.0,5.0,3.0,53.9018898010254,4.0,High,2,Other Potential,3.0261486139645566,245
284,170.0,1.0,1.0,5.0,3.0,53.7387847900391,4.0,High,2,Other Potential,3.024253912740968,246
202,91.0,1.0,1.0,5.0,3.0,52.0152320861816,4.0,High,2,Other Potential,3.0042323487364584,247
210,99.0,1.0,1.0,5.0,3.0,52.0099601745605,4.0,High,2,Other Potential,3.0041711078381024,248
194,83.0,1.0,1.0,5.0,2.0,74.396858215332,3.5,Medium,2,Other Potential,2.7142273921527993,249
355,239.0,1.0,1.0,5.0,2.0,41.6655883789062,3.5,Medium,2,Other Potential,2.3340062289054204,250
321,207.0,1.0,1.0,5.0,2.0,38.8673629760742,3.5,Medium,2,Other Potential,2.3015007831035863,251
342,227.0,1.0,1.0,5.0,1.0,15.7190065383911,3.0,Medium,2,Other Potential,1.4825990553067054,252
