fid,rand_point_id,DN,POP_1,ROAD_1,POPS_1,POPVAL_1,SUIT_SCORE,SUIT_CLASS
12,0,1,1,5,5,106.088180541992,5,High
16,1,1,1,5,4,102.82364654541,4.5,High
26,2,1,1,5,5,112.290740966797,5,High
28,3,1,1,5,5,117.390853881836,5,High
33,4,1,1,5,5,107.188621520996,5,High
38,5,1,1,5,5,109.099899291992,5,High
39,6,1,1,5,5,107.679069519043,5,High
40,7,1,1,5,4,102.756942749023,4.5,High
52,8,1,1,5,5,113.736114501953,5,High
57,9,1,1,5,5,112.315208435059,5,High
58,10,1,1,5,5,119.764297485352,5,High
59,11,1,1,5,5,116.951812744141,5,High
60,12,1,1,5,5,117.02571105957,5,High
62,13,1,1,5,5,118.452255249023,5,High
64,14,1,1,5,5,115.548805236816,5,High
65,15,1,1,5,5,90.8541488647461,5,High
66,16,1,1,5,5,110.500991821289,5,High
71,17,1,1,5,5,115.929206848145,5,High
72,18,1,1,5,5,116.992797851562,5,High
73,19,1,1,5,4,109.412704467773,4.5,High
77,20,1,1,5,5,117.929954528809,5,High
78,21,1,1,5,5,105.915023803711,5,High
79,22,1,1,5,5,122.711486816406,5,High
81,23,1,1,5,5,123.542633056641,5,High
82,24,1,1,5,5,119.310653686523,5,High
83,25,1,1,5,5,125.612327575684,5,High
84,26,1,1,5,5,119.377220153809,5,High
85,27,1,1,5,4,79.4913940429688,4.5,High
86,28,1,1,5,5,124.880218505859,5,High
90,29,1,1,5,5,128.410659790039,5,High
92,30,1,1,5,5,128.829437255859,5,High
93,31,1,1,5,5,123.450538635254,5,High
94,32,1,1,5,5,112.839324951172,5,High
96,33,1,1,5,5,111.275085449219,5,High
101,34,1,1,5,5,127.826454162598,5,High
103,35,1,1,5,5,121.247215270996,5,High
104,36,1,1,5,5,129.127227783203,5,High
105,37,1,1,5,5,121.937339782715,5,High
106,38,1,1,5,5,121.638862609863,5,High
107,39,1,1,5,5,109.72338104248,5,High
108,40,1,1,5,5,108.941772460938,5,High
109,41,1,1,5,5,102.538887023926,5,High
110,42,1,1,5,5,108.73607635498,5,High
111,43,1,1,5,5,124.60538482666,5,High
113,44,1,1,5,5,123.484321594238,5,High
116,45,1,1,5,5,110.118827819824,5,High
118,46,1,1,5,5,114.760444641113,5,High
119,47,1,1,5,5,118.771118164062,5,High
121,48,1,1,5,5,113.381141662598,5,High
122,49,1,1,5,5,107.197875976562,5,High
123,50,1,1,5,5,120.92618560791,5,High
124,51,1,1,5,5,107.532447814941,5,High
125,52,1,1,5,5,107.525268554688,5,High
127,53,1,1,5,5,109.953582763672,5,High
129,54,1,1,5,5,112.275444030762,5,High
130,55,1,1,5,5,106.748626708984,5,High
131,56,1,1,5,5,120.972915649414,5,High
132,57,1,1,5,4,118.963272094727,4.5,High
133,58,1,1,5,5,108.759384155273,5,High
140,59,1,1,5,5,106.40648651123,5,High
141,60,1,1,5,5,115.40266418457,5,High
142,61,1,1,5,5,117.2578125,5,High
144,62,1,1,5,5,101.839477539062,5,High
145,63,1,1,5,5,118.059051513672,5,High
149,64,1,1,5,5,118.163482666016,5,High
153,65,1,1,5,5,119.969024658203,5,High
155,66,1,1,5,5,113.785934448242,5,High
156,67,1,1,5,5,110.363929748535,5,High
159,68,1,1,5,5,124.133445739746,5,High
161,69,1,1,5,5,122.608070373535,5,High
162,70,1,1,5,5,117.07689666748,5,High
163,71,1,1,5,4,99.602783203125,4.5,High
165,72,1,1,5,5,103.849586486816,5,High
166,73,1,1,5,5,107.819869995117,5,High
168,74,1,1,5,5,118.463966369629,5,High
174,75,1,1,5,5,112.012161254883,5,High
176,76,1,1,5,5,107.775054931641,5,High
184,77,1,1,5,5,79.9103240966797,5,High
187,78,1,1,5,4,94.0025100708008,4.5,High
188,79,1,1,5,3,56.9732856750488,4,High
191,80,1,1,5,3,79.6025543212891,4,High
192,81,1,1,5,4,93.173957824707,4.5,High
193,82,1,1,5,3,53.9018898010254,4,High
194,83,1,1,5,2,74.396858215332,3.5,Medium
195,84,1,1,5,3,82.5702133178711,4,High
196,85,1,1,5,3,67.3826065063477,4,High
197,86,1,1,5,5,106.676635742188,5,High
198,87,1,1,5,4,100.109046936035,4.5,High
199,88,1,1,5,4,84.9581909179688,4.5,High
200,89,1,1,5,3,74.0008010864258,4,High
201,90,1,1,5,5,107.336975097656,5,High
202,91,1,1,5,3,52.0152320861816,4,High
203,92,1,1,5,4,73.1082916259766,4.5,High
204,93,1,1,5,4,93.8186111450195,4.5,High
205,94,1,1,5,4,96.2413711547852,4.5,High
206,95,1,1,5,4,103.342628479004,4.5,High
207,96,1,1,5,4,87.5774993896484,4.5,High
208,97,1,1,5,4,100.630569458008,4.5,High
209,98,1,1,5,4,89.8220748901367,4.5,High
210,99,1,1,5,3,52.0099601745605,4,High
211,100,1,1,5,5,108.324668884277,5,High
212,101,1,1,5,5,110.219818115234,5,High
213,102,1,1,5,5,116.625366210938,5,High
214,103,1,1,5,3,65.9041442871094,4,High
215,104,1,1,5,4,97.8046112060547,4.5,High
216,105,1,1,5,4,96.9555282592773,4.5,High
217,106,1,1,5,3,71.3333358764648,4,High
218,107,1,1,5,5,106.829231262207,5,High
219,108,1,1,5,4,90.070182800293,4.5,High
220,109,1,1,5,4,92.4483337402344,4.5,High
222,110,1,1,5,4,99.2727127075195,4.5,High
223,111,1,1,5,5,109.099899291992,5,High
224,112,1,1,5,5,106.389785766602,5,High
225,113,1,1,5,5,107.756988525391,5,High
226,114,1,1,5,4,88.7524871826172,4.5,High
227,115,1,1,5,4,97.1099243164062,4.5,High
228,116,1,1,5,4,98.7385330200195,4.5,High
229,117,1,1,5,4,102.76171875,4.5,High
230,118,1,1,5,4,103.717971801758,4.5,High
231,119,1,1,5,4,88.1681747436523,4.5,High
232,120,1,1,5,4,93.1523284912109,4.5,High
233,121,1,1,5,3,85.8377914428711,4,High
234,122,1,1,5,4,103.199760437012,4.5,High
235,123,1,1,5,4,97.7761688232422,4.5,High
236,124,1,1,5,4,82.7745666503906,4.5,High
237,125,1,1,5,4,102.135360717773,4.5,High
238,126,1,1,5,4,91.7956161499023,4.5,High
240,127,1,1,5,4,97.5842666625977,4.5,High
241,128,1,1,5,4,84.4736099243164,4.5,High
242,129,1,1,5,5,112.315208435059,5,High
243,130,1,1,5,5,119.764297485352,5,High
244,131,1,1,5,5,108.021621704102,5,High
245,132,1,1,5,5,115.899055480957,5,High
246,133,1,1,5,5,106.285415649414,5,High
247,134,1,1,5,5,118.452255249023,5,High
248,135,1,1,5,4,103.884826660156,4.5,High
249,136,1,1,5,5,110.898399353027,5,High
250,137,1,1,5,5,106.763969421387,5,High
251,138,1,1,5,5,110.500991821289,5,High
252,139,1,1,5,4,102.04615020752,4.5,High
253,140,1,1,5,4,103.501388549805,4.5,High
254,141,1,1,5,5,117.047950744629,5,High
255,142,1,1,5,3,81.5037460327148,4,High
256,143,1,1,5,5,115.929206848145,5,High
257,144,1,1,5,5,116.992797851562,5,High
258,145,1,1,5,4,109.412704467773,4.5,High
260,146,1,1,5,4,102.518913269043,4.5,High
261,147,1,1,5,4,93.8471069335938,4.5,High
262,148,1,1,5,5,117.929954528809,5,High
263,149,1,1,5,5,105.915023803711,5,High
264,150,1,1,5,5,122.072235107422,5,High
265,151,1,1,5,4,116.718978881836,4.5,High
266,152,1,1,5,5,121.479209899902,5,High
267,153,1,1,5,5,123.565048217773,5,High
268,154,1,1,5,5,120.735931396484,5,High
269,155,1,1,5,5,109.224617004395,5,High
270,156,1,1,5,5,114.643653869629,5,High
271,157,1,1,5,4,101.790267944336,4.5,High
272,158,1,1,5,4,90.0837173461914,4.5,High
273,159,1,1,5,4,83.4308624267578,4.5,High
274,160,1,1,5,5,126.54271697998,5,High
275,161,1,1,5,3,78.4820098876953,4,High
276,162,1,1,5,5,128.829437255859,5,High
277,163,1,1,5,5,125.413116455078,5,High
278,164,1,1,5,4,114.421913146973,4.5,High
279,165,1,1,5,4,97.0627975463867,4.5,High
280,166,1,1,5,5,111.275085449219,5,High
281,167,1,1,5,4,104.903930664062,4.5,High
282,168,1,1,5,4,99.3569869995117,4.5,High
283,169,1,1,5,4,101.052917480469,4.5,High
284,170,1,1,5,3,53.7387847900391,4,High
285,171,1,1,5,5,127.826454162598,5,High
286,172,1,1,5,4,97.7150497436523,4.5,High
287,173,1,1,5,5,121.247215270996,5,High
288,174,1,1,5,5,129.127227783203,5,High
289,175,1,1,5,5,121.937339782715,5,High
290,176,1,1,5,5,121.638862609863,5,High
291,177,1,1,5,5,103.129425048828,5,High
292,178,1,1,5,5,108.941772460938,5,High
293,179,1,1,5,5,106.820770263672,5,High
294,180,1,1,5,5,110.941680908203,5,High
295,181,1,1,5,5,119.162208557129,5,High
296,182,1,1,5,4,106.733474731445,4.5,High
297,183,1,1,5,5,124.314498901367,5,High
298,184,1,1,5,5,97.9067077636719,5,High
299,185,1,1,5,4,102.554176330566,4.5,High
300,186,1,1,5,5,110.562774658203,5,High
301,187,1,1,5,4,82.3586273193359,4.5,High
302,188,1,1,5,5,109.542938232422,5,High
303,189,1,1,5,5,118.771118164062,5,High
304,190,1,1,5,4,111.07251739502,4.5,High
305,191,1,1,5,5,113.381141662598,5,High
306,192,1,1,5,5,109.564826965332,5,High
307,193,1,1,5,5,120.507926940918,5,High
308,194,1,1,5,5,107.532447814941,5,High
309,195,1,1,5,5,107.525268554688,5,High
310,196,1,1,5,4,103.907958984375,4.5,High
311,197,1,1,5,5,108.867401123047,5,High
312,198,1,1,5,4,110.576972961426,4.5,High
313,199,1,1,5,5,113.558158874512,5,High
314,200,1,1,5,5,106.748626708984,5,High
315,201,1,1,5,5,120.972915649414,5,High
316,202,1,1,5,5,118.963272094727,5,High
317,203,1,1,5,5,108.759384155273,5,High
318,204,1,1,5,4,101.563606262207,4.5,High
319,205,1,1,5,5,93.7130126953125,5,High
320,206,1,1,5,4,110.455078125,4.5,High
321,207,1,1,5,2,38.8673629760742,3.5,Medium
322,208,1,1,5,4,103.642433166504,4.5,High
323,209,1,1,5,4,102.917877197266,4.5,High
324,210,1,1,5,5,105.427108764648,5,High
325,211,1,1,5,5,122.15022277832,5,High
326,212,1,1,5,5,117.2578125,5,High
328,213,1,1,5,5,106.506195068359,5,High
329,214,1,1,5,5,123.071640014648,5,High
330,215,1,1,5,4,95.066291809082,4.5,High
331,216,1,1,5,3,77.2071151733398,4,High
332,217,1,1,5,3,78.430046081543,4,High
333,218,1,1,5,5,118.326248168945,5,High
334,219,1,1,5,4,87.72119140625,4.5,High
335,220,1,1,5,5,97.4975814819336,5,High
336,221,1,1,5,4,99.4350891113281,4.5,High
337,222,1,1,5,5,121.938766479492,5,High
338,223,1,1,5,4,85.9181747436523,4.5,High
339,224,1,1,5,5,100.607322692871,5,High
340,225,1,1,5,5,109.586135864258,5,High
341,226,1,1,5,4,101.498085021973,4.5,High
342,227,1,1,5,1,15.7190065383911,3,Medium
343,228,1,1,5,5,124.133445739746,5,High
344,229,1,1,5,4,97.8505249023438,4.5,High
345,230,1,1,5,5,119.923332214355,5,High
346,231,1,1,5,5,113.924728393555,5,High
347,232,1,1,5,4,100.618385314941,4.5,High
348,233,1,1,5,4,88.6995315551758,4.5,High
349,234,1,1,5,5,109.292068481445,5,High
350,235,1,1,5,5,108.407020568848,5,High
352,236,1,1,5,5,118.463966369629,5,High
353,237,1,1,5,4,86.6591567993164,4.5,High
354,238,1,1,5,4,107.505210876465,4.5,High
355,239,1,1,5,2,41.6655883789062,3.5,Medium
356,240,1,1,5,4,104.972839355469,4.5,High
357,241,1,1,5,3,61.7387619018555,4,High
358,242,1,1,5,5,112.012161254883,5,High
360,243,1,1,5,5,107.775054931641,5,High
361,244,1,1,5,3,66.8798904418945,4,High
362,245,1,1,5,4,96.4485244750977,4.5,High
363,246,1,1,5,4,83.9220809936523,4.5,High
364,247,1,1,5,3,55.4119758605957,4,High
365,248,1,1,5,3,63.2794761657715,4,High
366,249,1,1,5,4,103.08935546875,4.5,High
367,250,1,1,5,3,57.639778137207,4,High
368,251,1,1,5,4,103.891647338867,4.5,High
369,,,,,,,,
370,,,,,,,,
